"Country","Year","Income Classification","Wasting","Overweight","Stunting","Underweight","U5 Population ('000s)"
"AFGHANISTAN","1997","0","18.2","6.5","53.2","44.9","3838.877"
"AFGHANISTAN","2004","0","8.6","4.6","59.3","32.9","4789.353"
"AFGHANISTAN","2013","0","9.5","5.3","40.4","24.6","5444.573"
"AFGHANISTAN","2018","0","5.1","4.1","38.2","19.1","5601.443"
"ALBANIA","1997","2","8.1","9.5","20.4","7.1","309.225"
"ALBANIA","2000","2","12.2","30.1","39.2","17","279.835"
"ALBANIA","2005","2","7.3","24.8","26.7","6.6","219.405"
"ALBANIA","2009","2","9.6","23.2","23.2","6.3","179.312"
"ALBANIA","2017","2","1.6","16.4","11.3","1.5","176.52200000000002"
"ALGERIA","1987","2","4","","16.9","8","3955.087"
"ALGERIA","1992","2","7.1","8.7","22.9","9.2","3926.3540000000003"
"ALGERIA","1995","2","9.6","13.2","22.5","11.3","3733.1609999999996"
"ALGERIA","2000","2","3.1","14.7","23.6","5.4","3084.85"
"ALGERIA","2002","2","9.6","15.1","24","11.1","2877.72"
"ALGERIA","2006","2","4.1","12.9","15.4","3.4","3080.573"
"ALGERIA","2012","2","4.1","12.4","11.7","3","4298.747"
"ANGOLA","1996","1","7.7","1.7","61.1","36.2","2749.75"
"ANGOLA","2007","1","8.2","","29.2","15.6","3998.054"
"ANGOLA","2015","1","4.9","3.4","37.6","19","5192.358"
"ARGENTINA","1994","2","1.6","11.1","7.1","1.7","3579.9429999999998"
"ARGENTINA","1996","2","4.2","13.5","16.9","4.7","3574.466"
"ARGENTINA","2005","2","1.2","9.9","8.2","2.3","3558.316"
"ARGENTINA","2019","2","1.6","10","7.9","1.7","3741.882"
"ARMENIA","1998","2","3.3","10.8","15.1","2.7","222.62599999999998"
"ARMENIA","2000","2","2.5","15.7","17.3","2.6","196.554"
"ARMENIA","2005","2","5.4","11.4","17.9","4.2","186.62900000000002"
"ARMENIA","2010","2","4.1","16.5","20.9","5.3","201.083"
"ARMENIA","2016","2","4.4","13.7","9.4","2.6","213.834"
"AUSTRALIA","1995","3","0","7.9","0","0","1297.817"
"AUSTRALIA","2007","3","0","7.7","2","0.2","1328.02"
"AUSTRALIA","2014","3","","17.9","","","1551.0120000000002"
"AUSTRALIA","2017","3","","22","","","1595.4489999999998"
"AZERBAIJAN","1996","2","3.8","6.1","28","8.8","855.415"
"AZERBAIJAN","2000","2","9","6.2","24.2","14","712.5419999999999"
"AZERBAIJAN","2001","2","3.2","4.4","18","5.9","674.0319999999999"
"AZERBAIJAN","2006","2","6.8","13.9","26.5","8.4","656.929"
"AZERBAIJAN","2011","2","6.6","10.4","16.4","6.5","734.346"
"AZERBAIJAN","2013","2","3.2","14.1","17.8","4.9","809.7460000000001"
"BAHRAIN","1989","3","6.8","7.5","13.9","6.3","65.452"
"BAHRAIN","1995","3","6.6","","13.6","7.6","61.29"
"BANGLADESH","1986","1","17.3","0.2","70.9","66.8","15384.621000000001"
"BANGLADESH","1990","1","17.5","0.6","63.4","61.5","15889.546999999999"
"BANGLADESH","1991","1","15.2","0.3","73.6","61.2","15998.583999999999"
"BANGLADESH","1992","1","16.1","0.2","71.5","60.6","16042.636"
"BANGLADESH","1993","1","14","0.4","69.2","56.1","16047.015"
"BANGLADESH","1994","1","16.7","0.2","67.3","58","16047.944"
"BANGLADESH","1995","1","15.1","0.2","65.8","55.2","16075.268"
"BANGLADESH","1996","1","15.5","0.3","63.8","54","16113.488000000001"
"BANGLADESH","1997","1","20.7","2.4","59.6","53.6","16160.17"
"BANGLADESH","1998","1","15","0.2","59.3","50.7","16211.608"
"BANGLADESH","1999","1","13.7","0.6","59.9","49.5","16254.466999999999"
"BANGLADESH","2000","1","12.5","0.9","51.1","42.4","16282.15"
"BANGLADESH","2001","1","12.7","0.9","53.2","43.2","16368.469"
"BANGLADESH","2002","1","12.4","1","51.4","41","16391.13"
"BANGLADESH","2003","1","12.5","1","47.8","38.9","16357.212"
"BANGLADESH","2004","1","14.6","0.9","50.5","42.8","16275.278"
"BANGLADESH","2005","1","11.8","1","45.9","37.3","16156.707"
"BANGLADESH","2006","1","11.9","0.8","45.1","37.9","16077.841"
"BANGLADESH","2007","1","17.5","1.1","43.2","41.3","15911.48"
"BANGLADESH","2011","1","15.7","1.9","41.3","36.7","15076.216"
"BANGLADESH","2013","1","9.6","1.6","42","31.9","14844.468"
"BANGLADESH","2013","1","18.1","2.6","38.7","35.1","14844.468"
"BANGLADESH","2014","1","14.4","1.6","36.2","32.8","14770.88"
"BANGLADESH","2018","1","8.4","2.2","30.8","21.9","14516.613000000001"
"BARBADOS","2012","3","6.8","12.2","7.7","3.5","16.653"
"BELARUS","2005","2","2.2","9.7","4.5","1.3","445.676"
"BELIZE","1992","2","","","","5.4","30.406"
"BELIZE","2006","2","1.9","13.6","22","5","37.919000000000004"
"BELIZE","2011","2","3.3","7.9","19.3","6.2","37.507"
"BELIZE","2015","2","1.8","7.3","15","4.6","38.586"
"BENIN","1996","0","12.3","2.4","39.1","26.2","1107.596"
"BENIN","2001","0","9","3.1","36.2","19.5","1252.442"
"BENIN","2014","0","4.5","1.7","34","18","1704.4520000000002"
"BENIN","2018","0","5","1.9","32.2","16.8","1841.6129999999998"
"BHUTAN","1987","1","5.2","3.5","60.9","34","84.935"
"BHUTAN","1999","1","2.5","3.9","47.7","14.1","78.47800000000001"
"BHUTAN","2008","1","4.5","5.4","34.9","10.4","68.817"
"BHUTAN","2010","1","5.9","7.6","33.5","12.7","66.957"
"BOLIVIA (PLURINATIONAL STATE OF)","1988","1","","","","9.8","996.065"
"BOLIVIA (PLURINATIONAL STATE OF)","1989","1","1.5","7.4","44","7.8","1013.3380000000001"
"BOLIVIA (PLURINATIONAL STATE OF)","1990","1","","","","9.7","1030.271"
"BOLIVIA (PLURINATIONAL STATE OF)","1991","1","","","","10.2","1052.057"
"BOLIVIA (PLURINATIONAL STATE OF)","1992","1","","","","10.5","1066.86"
"BOLIVIA (PLURINATIONAL STATE OF)","1994","1","3.6","6.7","37.1","11","1086.076"
"BOLIVIA (PLURINATIONAL STATE OF)","1998","1","1.6","10.7","33.2","5.9","1132.938"
"BOLIVIA (PLURINATIONAL STATE OF)","2003","1","1.7","9.2","32.4","5.8","1182.636"
"BOLIVIA (PLURINATIONAL STATE OF)","2008","1","1.4","8.7","27.1","4.5","1196.198"
"BOLIVIA (PLURINATIONAL STATE OF)","2012","1","1.5","7.4","18.2","3.6","1191.066"
"BOLIVIA (PLURINATIONAL STATE OF)","2016","1","2","10.1","16.1","3.4","1198.9389999999999"
"BOSNIA AND HERZEGOVINA","2000","2","7.4","16.3","12.1","4.2","234.46900000000002"
"BOSNIA AND HERZEGOVINA","2006","2","4","25.7","11.8","1.6","165.01"
"BOSNIA AND HERZEGOVINA","2012","2","2.3","17.4","8.9","1.6","182.99099999999999"
"BOTSWANA","1996","2","13.2","","35.1","15.1","218.62400000000002"
"BOTSWANA","2000","2","5.9","10.1","29.1","11.1","216.96099999999998"
"BOTSWANA","2007","2","7.3","10","28.9","11.8","244.542"
"BRAZIL","1989","2","","","19.4","5.3","17947.734"
"BRAZIL","1996","2","2.8","6.1","13","4.5","17456.822"
"BRAZIL","2002","2","","","","3.7","17238.868000000002"
"BRAZIL","2007","2","1.8","6.4","7","2.2","15642.56"
"BRUNEI DARUSSALAM","2009","3","2.9","8.3","19.7","9.6","31.337"
"BULGARIA","2004","2","3.2","13.6","8.8","1.6","323.27099999999996"
"BULGARIA","2007","2","4.5","6.5","6.6","2.5","361.28"
"BULGARIA","2014","2","6.3","6.9","7","1.9","347.561"
"BURKINA FASO","1993","0","15.4","2.8","38.7","28.7","1794.8429999999998"
"BURKINA FASO","1999","0","15.5","1.9","41.4","30.9","2113.613"
"BURKINA FASO","2003","0","21.2","5.4","43.1","35.2","2360.635"
"BURKINA FASO","2006","0","24.4","7","40","35.9","2564.716"
"BURKINA FASO","2009","0","11.3","","35.1","26","2773.741"
"BURKINA FASO","2010","0","15.5","2.8","34.7","26.2","2842.946"
"BURKINA FASO","2011","0","10.4","0.7","34.6","25.1","2920.986"
"BURKINA FASO","2012","0","10.7","0.6","32.8","24.3","2986.467"
"BURKINA FASO","2013","0","8.1","0.8","31.3","20.9","3044.475"
"BURKINA FASO","2014","0","8.5","1.1","29","20","3101.116"
"BURKINA FASO","2016","0","7.5","1.2","26.8","18.9","3220.6290000000004"
"BURKINA FASO","2017","0","8.6","1.7","21.1","16.2","3281.695"
"BURKINA FASO","2018","0","8.4","1","24.9","17.7","3344.616"
"BURUNDI","1987","0","6.7","1.3","56.2","33.6","1021.437"
"BURUNDI","2000","0","8.1","1.5","64","39.1","1155.817"
"BURUNDI","2005","0","9","","57.7","35.2","1306.825"
"BURUNDI","2010","0","6","2.9","57.6","29.1","1578.6529999999998"
"BURUNDI","2016","0","5.1","1.4","55.9","29.3","1905.899"
"BURUNDI","2019","0","5.1","","54.2","27.2","2018.6970000000001"
"CABO VERDE","1985","1","4.2","","26.8","13.7","56.483999999999995"
"CABO VERDE","1994","1","6.9","","21.4","11.8","64.682"
"CAMBODIA","1996","1","13.4","6.5","58.6","42.6","1750.7379999999998"
"CAMBODIA","2000","1","17.1","4","49","39.7","1575.0539999999999"
"CAMBODIA","2005","1","8.5","1.6","42.8","28.3","1531.751"
"CAMBODIA","2008","1","9.1","2","39.5","28.3","1621.344"
"CAMBODIA","2010","1","11","1.9","39.8","28.9","1672.089"
"CAMBODIA","2014","1","9.7","2.2","32.4","24.1","1758.997"
"CAMEROON","1991","1","4.5","4.7","31.6","12.9","2249.394"
"CAMEROON","1998","1","6.2","8.2","38.2","17.3","2549.514"
"CAMEROON","2004","1","6.2","8.7","35.6","15.1","2951.5890000000004"
"CAMEROON","2006","1","7.6","10.5","37.6","16.5","3140.007"
"CAMEROON","2011","1","5.7","6.5","32.6","15.2","3545.138"
"CAMEROON","2014","1","5.2","6.7","31.7","14.8","3756.345"
"CAMEROON","2018","1","4.3","11","28.9","11","4003.013"
"CANADA","2004","3","","10.4","","","1697.6029999999998"
"CENTRAL AFRICAN REPUBLIC (THE)","1994","0","8.7","3.7","41.5","24","528.307"
"CENTRAL AFRICAN REPUBLIC (THE)","2000","0","10.4","10.8","44.4","21.3","612.987"
"CENTRAL AFRICAN REPUBLIC (THE)","2006","0","12.1","8.6","43.6","26.1","699.11"
"CENTRAL AFRICAN REPUBLIC (THE)","2010","0","7.4","1.8","40.7","23.5","731.905"
"CENTRAL AFRICAN REPUBLIC (THE)","2012","0","7.4","2","39.7","24.5","739.462"
"CENTRAL AFRICAN REPUBLIC (THE)","2018","0","6.6","","40.8","20.8","727.432"
"CHAD","1997","0","16.5","2.7","44.5","34.3","1518.078"
"CHAD","2000","0","13.9","2.7","38.9","29.2","1688.335"
"CHAD","2004","0","16.2","4.2","44.4","33.8","1957.9360000000001"
"CHAD","2010","0","16.3","2.8","38.7","30.3","2324.09"
"CHAD","2015","0","13.3","2.8","39.8","29.4","2633.013"
"CHILE","1986","3","0.7","15.4","13.5","2.2","1322.604"
"CHILE","1994","3","0.5","10.1","4.2","0.8","1467.634"
"CHILE","1995","3","0.5","10.9","3.9","0.8","1459.639"
"CHILE","1996","3","0.5","10.7","3.7","0.7","1446.0739999999998"
"CHILE","1998","3","0.6","11.2","3.3","0.7","1389.1329999999998"
"CHILE","1999","3","0.5","11.9","3.1","0.7","1355.3020000000001"
"CHILE","2001","3","0.5","12.9","2.8","0.7","1279.623"
"CHILE","2002","3","0.5","12","2.5","0.7","1250.46"
"CHILE","2003","3","0.5","12.1","2.5","0.6","1232.375"
"CHILE","2004","3","0.5","12.1","2.4","0.6","1220.303"
"CHILE","2006","3","0.5","11.7","2.2","0.6","1208.005"
"CHILE","2007","3","0.3","9.8","2.1","0.6","1209.337"
"CHILE","2008","3","0.3","9.5","2","0.5","1213.015"
"CHILE","2013","3","0.3","10.1","1.8","0.5","1247.6960000000001"
"CHILE","2014","3","0.3","9.3","1.8","0.5","1245.002"
"CHINA","1987","2","4.8","","38.3","18.7","119337.771"
"CHINA","1990","2","4.2","5.3","32.3","12.6","132966.782"
"CHINA","1992","2","3.9","7.2","38","14.2","130485.494"
"CHINA","1995","2","5","13.6","31.2","10.7","100534.92"
"CHINA","1998","2","2.4","5.5","19.8","6.9","85061.969"
"CHINA","2000","2","2.5","3.4","17.8","7.4","88692.597"
"CHINA","2002","2","3","9.2","21.8","6.8","91696.558"
"CHINA","2005","2","2.9","5.9","11.7","4.5","83125.614"
"CHINA","2008","2","2.6","5.8","9.8","3.8","82746.94099999999"
"CHINA","2009","2","2.6","5.7","9","3.4","83852.351"
"CHINA","2010","2","2.3","6.6","9.4","3.4","84639.255"
"CHINA","2013","2","1.9","9.1","8.1","2.4","86717.349"
"COLOMBIA","1986","2","1","4.2","26.6","8.9","4056.29"
"COLOMBIA","1989","2","3.8","","21.8","8.8","4152.1140000000005"
"COLOMBIA","1995","2","1.7","4.5","19.6","6.3","4440.145"
"COLOMBIA","2000","2","1","5.3","18.2","4.9","4355.54"
"COLOMBIA","2004","2","1.6","4.2","16","5","4247.488"
"COLOMBIA","2010","2","0.9","4.8","12.6","3.4","3834.0040000000004"
"COLOMBIA","2016","2","1.6","5.7","12.7","3.7","3693.906"
"COMOROS (THE)","1992","1","5.3","","38.5","15.2","77.983"
"COMOROS (THE)","1996","1","10.7","5.3","40","21.1","83.015"
"COMOROS (THE)","2000","1","13.3","21.5","46.9","25.1","88.75200000000001"
"COMOROS (THE)","2012","1","11.2","10.6","31.1","16.9","111.40100000000001"
"CONGO (THE)","1987","1","6.6","1.6","30.1","16.4","369.595"
"CONGO (THE)","2005","1","8","8.5","31.2","11.9","594.828"
"CONGO (THE)","2011","1","6","3.5","24.4","11.8","725.637"
"CONGO (THE)","2014","1","8.2","5.9","21.2","12.3","768.493"
"COSTA RICA","1989","2","","","","2.4","409.728"
"COSTA RICA","1990","2","","","","2.5","416.16"
"COSTA RICA","1991","2","","","","2.2","420.846"
"COSTA RICA","1992","2","","","","2","422.13199999999995"
"COSTA RICA","1993","2","","","","2","420.777"
"COSTA RICA","1994","2","","","","1.9","418.35900000000004"
"COSTA RICA","1996","2","2.4","9.5","8.2","3.8","410.88699999999994"
"COSTA RICA","2008","2","1","8.1","5.6","1.1","352.88800000000003"
"COTE D'IVOIRE","1986","1","10.3","","22.5","10.8","1901.46"
"COTE D'IVOIRE","1994","1","8.3","2.5","34.2","20.3","2389.654"
"COTE D'IVOIRE","1998","1","6.9","4.6","31.2","18.2","2686.59"
"COTE D'IVOIRE","2006","1","8.4","9.1","41.3","16.5","3160.547"
"COTE D'IVOIRE","2007","1","14","4.9","39","29.4","3201.357"
"COTE D'IVOIRE","2012","1","7.6","3.2","29.9","15.7","3458.278"
"COTE D'IVOIRE","2016","1","6.1","1.5","21.6","12.8","3806.33"
"CUBA","2000","2","2.4","","7","3.4","750.4730000000001"
"CZECHIA","1991","3","2.8","6.7","3.1","0.9","669.575"
"CZECHIA","2001","3","4.6","4.4","2.7","2.1","417.63800000000003"
"DEMOCRATIC PEOPLE'S REP. OF KOREA (THE)","1998","0","20.8","","63.9","55.5","2063.743"
"DEMOCRATIC PEOPLE'S REP. OF KOREA (THE)","2000","0","12.2","","51","24.7","1987.652"
"DEMOCRATIC PEOPLE'S REP. OF KOREA (THE)","2002","0","8.7","0.9","44.7","17.8","1933.7020000000002"
"DEMOCRATIC PEOPLE'S REP. OF KOREA (THE)","2004","0","8.5","","43.1","20.6","1928.043"
"DEMOCRATIC PEOPLE'S REP. OF KOREA (THE)","2009","0","5.2","0","32.4","18.8","1736.606"
"DEMOCRATIC PEOPLE'S REP. OF KOREA (THE)","2012","0","4","","27.9","15.2","1646.9270000000001"
"DEMOCRATIC PEOPLE'S REP. OF KOREA (THE)","2017","0","2.5","2.3","19.1","9.3","1740.55"
"DEMOCRATIC REP. OF THE CONGO (THE)","1995","0","11.4","","51","30.7","7688.98"
"DEMOCRATIC REP. OF THE CONGO (THE)","2001","0","15.9","6.7","44.4","30.3","8933.779"
"DEMOCRATIC REP. OF THE CONGO (THE)","2007","0","10.4","7","45.8","25.6","10993.051000000001"
"DEMOCRATIC REP. OF THE CONGO (THE)","2010","0","8.5","4.9","43.4","24.2","12134.253999999999"
"DEMOCRATIC REP. OF THE CONGO (THE)","2013","0","8.1","4.4","42.7","23.4","13355.337"
"DJIBOUTI","1989","1","12.5","","28","20.2","103.073"
"DJIBOUTI","1996","1","14.9","","31.7","16","96.743"
"DJIBOUTI","2002","1","19.4","8.4","27.1","24.4","105.434"
"DJIBOUTI","2012","1","21.5","8.1","33.5","29.9","92.531"
"DOMINICAN REPUBLIC (THE)","1986","2","3.3","3.8","20.4","8.7","939.0089999999999"
"DOMINICAN REPUBLIC (THE)","1991","2","2.1","4.3","21.1","8.4","977.922"
"DOMINICAN REPUBLIC (THE)","1996","2","2","6.7","13.5","4.7","1019.325"
"DOMINICAN REPUBLIC (THE)","2000","2","1.5","6.9","7.7","3.3","1008.0169999999999"
"DOMINICAN REPUBLIC (THE)","2002","2","2.2","8.6","11.6","4.2","998.0160000000001"
"DOMINICAN REPUBLIC (THE)","2006","2","1.9","7.4","10.5","4.6","993.9810000000001"
"DOMINICAN REPUBLIC (THE)","2007","2","2.3","8.3","10.1","3.4","992.495"
"DOMINICAN REPUBLIC (THE)","2013","2","2.4","7.6","7.1","4","999.023"
"ECUADOR","1986","2","2.3","","40.2","14.5","1343.28"
"ECUADOR","1999","2","2.7","2.6","27.9","10.4","1553.154"
"ECUADOR","2004","2","2","5.3","29.2","6.7","1562.128"
"ECUADOR","2006","2","2.1","5.2","25.9","6.8","1548.115"
"ECUADOR","2012","2","2.4","7.5","25.4","6.4","1576.81"
"ECUADOR","2014","2","1.6","8","23.9","5.1","1596.662"
"EGYPT","1988","1","1.9","6.9","34","9.4","8495.019"
"EGYPT","1991","1","4.5","14.9","34.9","10.5","8754.239"
"EGYPT","1993","1","4","14.3","31.1","8.2","8579.93"
"EGYPT","1995","1","5.7","14.6","34.8","10.8","8385.616"
"EGYPT","1997","1","7.5","","30.9","10.2","8266.325"
"EGYPT","1998","1","6.4","","26.3","9.4","8367.556999999999"
"EGYPT","2000","1","","","24.4","","8557.27"
"EGYPT","2003","1","5.2","9.2","20.2","8.7","8744.939"
"EGYPT","2005","1","5.3","14.1","23.9","5.4","8797.235"
"EGYPT","2008","1","7.9","20.4","30.7","6.8","9135.679"
"EGYPT","2014","1","9.5","15.7","22.3","7","11943.128999999999"
"EL SALVADOR","1988","1","2.2","3","36.7","11.1","742.183"
"EL SALVADOR","1993","1","1.5","3.7","31.6","8","767.556"
"EL SALVADOR","1998","1","1.5","3.9","32.3","9.7","775.3860000000001"
"EL SALVADOR","2003","1","1.3","5.8","24.6","6.1","691.2810000000001"
"EL SALVADOR","2008","1","1.6","5.7","20.8","6.7","613.806"
"EL SALVADOR","2014","1","2.1","6.4","13.6","5","587.168"
"EQUATORIAL GUINEA","1997","2","4","3.4","38.7","13.8","89.04799999999999"
"EQUATORIAL GUINEA","2000","2","9.2","14","42.7","15.7","100.185"
"EQUATORIAL GUINEA","2004","2","2.8","8.3","35","10.6","117.413"
"EQUATORIAL GUINEA","2011","2","3.1","9.7","26.2","5.6","154.9"
"ERITREA","1993","0","11.8","","69.6","36.9","394.898"
"ERITREA","1995","0","17","1.3","47.8","39.6","370.17"
"ERITREA","2002","0","15","1.6","43","34.3","339.219"
"ERITREA","2010","0","14.6","2.1","52.5","39.4","526.331"
"ESWATINI","2000","1","1.7","14.9","36.5","9.1","146.358"
"ESWATINI","2006","1","2.9","11.1","29.2","6","146.08700000000002"
"ESWATINI","2008","1","1.1","","40.4","7.3","149.924"
"ESWATINI","2010","1","0.8","10.7","30.9","5.9","151.903"
"ESWATINI","2014","1","2","9","25.5","5.8","146.88"
"ETHIOPIA","1992","0","9.2","","66.9","41.9","9676.525"
"ETHIOPIA","2000","0","12.4","2","57.6","42","12347.59"
"ETHIOPIA","2005","0","12.4","5.1","50.4","34.4","13553.113000000001"
"ETHIOPIA","2011","0","9.8","1.8","44.4","29.2","14428.312"
"ETHIOPIA","2014","0","8.7","2.6","40.4","25.2","15206.711000000001"
"ETHIOPIA","2016","0","10","2.9","38.4","23.6","15823.333999999999"
"ETHIOPIA","2019","0","7.2","2.1","36.8","21.1","16560.834"
"FIJI","1993","2","9.8","2.2","4.3","6.9","98.50200000000001"
"FIJI","2004","2","6.3","5.1","7.5","5.3","89.97399999999999"
"GABON","2000","2","4.2","5.5","25.9","9","184.69"
"GABON","2012","2","3.4","7.7","17","6.4","253.983"
"GAMBIA (THE)","1996","0","","","36.1","23.2","222.09900000000002"
"GAMBIA (THE)","2000","0","9.1","3","24.1","15.4","243.236"
"GAMBIA (THE)","2006","0","7.4","2.7","27.7","15.8","284.257"
"GAMBIA (THE)","2010","0","9.5","1.9","23.4","17.4","317.504"
"GAMBIA (THE)","2012","0","9.5","1.1","21.1","17.9","337.57800000000003"
"GAMBIA (THE)","2013","0","11","3.2","24.6","16.5","346.839"
"GAMBIA (THE)","2018","0","6.2","1.2","19","13.9","392.902"
"GAMBIA (THE)","2018","0","6","2.5","13.6","10.3","392.902"
"GEORGIA","1999","2","3.1","17.9","16.1","2.7","269.91900000000004"
"GEORGIA","2005","2","3","20.8","14.6","2.4","233.077"
"GEORGIA","2009","2","1.6","19.9","11.3","1.1","254.74400000000003"
"GERMANY","2004","3","1","3.5","1.3","1.1","3679.491"
"GERMANY","2016","3","0.3","3.2","1.7","0.5","3603.889"
"GHANA","1988","1","7","0.8","42.6","24.8","2427.597"
"GHANA","1993","1","10.9","2.5","41.2","25.8","2709.9840000000004"
"GHANA","1998","1","9.9","2.7","30.6","20.1","2956.5040000000004"
"GHANA","2003","1","8.4","4.5","35.5","19","3199.225"
"GHANA","2006","1","6","2.6","27.9","13.9","3326.705"
"GHANA","2008","1","8.7","5.7","28.4","14.4","3448.6259999999997"
"GHANA","2011","1","6.2","2.6","22.8","13.4","3671.288"
"GHANA","2014","1","4.7","2.6","18.8","11.2","3890.1240000000003"
"GHANA","2017","1","6.8","1.4","17.5","12.6","4069.6040000000003"
"GUATEMALA","1987","2","1.9","2.4","66.2","27.9","1530.365"
"GUATEMALA","1995","2","3.8","6.2","55.4","21.7","1766.974"
"GUATEMALA","1999","2","2.9","6.9","53.1","20.3","1874.5420000000001"
"GUATEMALA","2000","2","3.7","7.3","51","18.8","1895.1589999999999"
"GUATEMALA","2002","2","1.9","5.2","54.8","18.2","1931.6879999999999"
"GUATEMALA","2009","2","1","4.9","51.5","14.1","1956.2939999999999"
"GUATEMALA","2015","2","0.8","4.9","46.7","12.4","1994.0279999999998"
"GUINEA","1994","0","14","","35.3","21.2","1309.8"
"GUINEA","1999","0","9.7","4.4","31.1","20","1474.5810000000001"
"GUINEA","2005","0","11","5.2","39.3","22.7","1630.3310000000001"
"GUINEA","2007","0","8.3","","40","20.8","1689.852"
"GUINEA","2011","0","5.1","3","34.4","16","1802.101"
"GUINEA","2012","0","10","3.8","31.1","18.8","1827.671"
"GUINEA","2016","0","8.1","4","32.4","18.3","1945.4460000000001"
"GUINEA","2018","0","9.2","5.6","30.3","16.3","2019.747"
"GUINEA-BISSAU","2000","0","11.8","5","33.8","19.8","207.783"
"GUINEA-BISSAU","2006","0","8.8","16.9","47.7","17.4","231.25099999999998"
"GUINEA-BISSAU","2010","0","5.9","2.8","32","18","254.83900000000003"
"GUINEA-BISSAU","2014","0","6","2.3","27.6","17","279.434"
"GUYANA","1993","2","","","","16.1","94.704"
"GUYANA","1997","2","13.3","1.9","14","10.3","102.619"
"GUYANA","2000","2","12.1","5.5","13.9","11.9","96.09"
"GUYANA","2006","2","8.3","6.8","17.9","10.8","80.942"
"GUYANA","2009","2","5.5","6.7","19.3","11","74.018"
"GUYANA","2014","2","6.4","5.3","11.3","8.2","74.484"
"HAITI","1990","0","5.9","","40.1","23.7","1142.943"
"HAITI","1994","0","9.3","4.3","37.1","23.8","1161.815"
"HAITI","2000","0","5.5","3.1","28.8","13.9","1207.519"
"HAITI","2006","0","10.2","3.9","29.6","18.9","1246.633"
"HAITI","2012","0","5.1","3.6","22","11.6","1270.1689999999999"
"HAITI","2017","0","3.7","3.4","21.9","9.5","1271.7730000000001"
"HONDURAS","1987","1","2.3","2.7","43.3","18.1","810.128"
"HONDURAS","1992","1","2.1","","42.5","15.8","890.059"
"HONDURAS","1994","1","2.7","","45.7","16.1","926.694"
"HONDURAS","1996","1","1.6","2.8","38.6","17.9","969.783"
"HONDURAS","2001","1","1.3","3","35.5","12.8","1070.673"
"HONDURAS","2006","1","1.4","5.8","29.8","8.7","1052.8419999999999"
"HONDURAS","2012","1","1.4","5.2","22.6","7.1","1020.993"
"INDIA","1989","1","20.3","","62.7","55.5","121226.737"
"INDIA","1992","1","20","","61.9","52.8","123144.679"
"INDIA","1993","1","19.9","2.9","57.7","51.2","123695.19900000001"
"INDIA","1997","1","18.4","5.9","45.9","38.4","126145.646"
"INDIA","1999","1","17.1","2.9","54.2","46.3","127300.714"
"INDIA","2006","1","20","1.9","47.8","43.5","129784.914"
"INDIA","2014","1","15.1","","38.7","29.4","120676.724"
"INDIA","2015","1","20.8","2.4","37.9","36.3","118983.308"
"INDIA","2017","1","17.3","1.6","34.7","33.4","116172.498"
"INDONESIA","1987","1","","","","35.9","22821.335"
"INDONESIA","1989","1","","","","31","22414.803"
"INDONESIA","1992","1","","","","29.8","21956.356"
"INDONESIA","1996","1","14.9","6.5","48.1","30.3","21900.255"
"INDONESIA","1998","1","","","","25.8","21572.127"
"INDONESIA","1999","1","","","","22.8","21376.853"
"INDONESIA","2000","1","5.5","1.5","42.4","24.8","21305.368"
"INDONESIA","2001","1","5.4","1.5","41.6","23.4","21469.843999999997"
"INDONESIA","2002","1","","","","23","21637.21"
"INDONESIA","2003","1","","","","23.1","21838.019"
"INDONESIA","2004","1","14.4","5.1","28.6","19.7","22054.871"
"INDONESIA","2005","1","","","","24.4","22258.096"
"INDONESIA","2007","1","14.8","11.2","40.1","19.6","22542.464"
"INDONESIA","2010","1","12.3","12.3","39.2","18.6","23172.917999999998"
"INDONESIA","2013","1","13.5","11.5","36.4","19.9","23913.401"
"INDONESIA","2018","1","10.2","8","30.5","17.7","24350.302000000003"
"IRAN (ISLAMIC REPUBLIC OF)","1995","2","8.1","5.5","24.4","13.8","7332.956"
"IRAN (ISLAMIC REPUBLIC OF)","1998","2","6.1","6.9","20.4","9.5","6173.345"
"IRAN (ISLAMIC REPUBLIC OF)","2004","2","4.8","","7.1","4.6","5681.335999999999"
"IRAN (ISLAMIC REPUBLIC OF)","2011","2","4","","6.8","4.1","6383.670999999999"
"IRAQ","1991","2","4.4","","27.6","10.4","3055.473"
"IRAQ","2000","2","6.6","5.5","28.1","12.8","3830.633"
"IRAQ","2003","2","5.6","","33.7","10.1","4115.937"
"IRAQ","2004","2","6.9","","20","8","4177.419"
"IRAQ","2006","2","5.8","15","27.5","7.1","4276.069"
"IRAQ","2011","2","6.5","11.4","22.1","7.2","4634.29"
"IRAQ","2018","2","3","6.1","12.6","3.9","5404.397"
"JAMAICA","1989","2","4.4","","12.4","6.3","296.632"
"JAMAICA","1991","2","5.5","2.3","11.8","5.6","288.802"
"JAMAICA","1992","2","2.7","3.1","14.4","5.7","287.476"
"JAMAICA","1993","2","4.4","4.6","12.6","6.1","288.642"
"JAMAICA","1994","2","3","6.2","12.1","4.6","290.425"
"JAMAICA","1995","2","4.8","5.9","9.7","4.8","291.52099999999996"
"JAMAICA","1996","2","2.5","3.8","11.2","5.6","293.407"
"JAMAICA","1997","2","2.2","5.5","8.7","3.5","294.18"
"JAMAICA","1998","2","2.6","4.3","9.5","3.8","293.67400000000004"
"JAMAICA","1999","2","2.4","6.3","5.7","2.1","291.932"
"JAMAICA","2000","2","3","7.3","7.2","3.9","288.993"
"JAMAICA","2001","2","3.2","5.8","6.6","4","285.763"
"JAMAICA","2002","2","2.4","8.5","8.2","2.7","279.884"
"JAMAICA","2004","2","4.5","7.5","4.9","3.1","264.671"
"JAMAICA","2006","2","3.7","6.1","7.5","4.8","247.285"
"JAMAICA","2007","2","2.7","8.7","5.4","1.8","240.362"
"JAMAICA","2008","2","2.5","7.8","6.9","2.4","235.851"
"JAMAICA","2010","2","4.8","4.1","6","3.4","230.553"
"JAMAICA","2012","2","3","7.8","6.8","2.7","232.702"
"JAMAICA","2014","2","3.6","8.3","6","2.2","235.24599999999998"
"JAPAN","2010","3","2.3","1.5","7.1","3.4","5554.144"
"JORDAN","1990","2","4","8.5","20","5.1","599.474"
"JORDAN","1997","2","2.4","4.3","11.1","3.8","732.034"
"JORDAN","2002","2","2.5","4.5","11.7","3.7","762.55"
"JORDAN","2009","2","1.6","6.6","8.2","1.9","957.497"
"JORDAN","2012","2","2.4","4.7","7.8","3","1090.3310000000001"
"KAZAKHSTAN","1995","2","6.4","4.1","23.3","4.4","1450.0510000000002"
"KAZAKHSTAN","1999","2","2.5","4.9","13.2","3.8","1129.484"
"KAZAKHSTAN","2006","2","4.9","16.9","17.5","4.9","1301.703"
"KAZAKHSTAN","2010","2","4.1","13.3","13.1","3.7","1591.999"
"KAZAKHSTAN","2015","2","3.1","9.3","8","2","1954.031"
"KENYA","1987","1","5.5","","37","","4256.485"
"KENYA","1993","1","7.1","5.8","40.2","19.4","4635.673"
"KENYA","1994","1","6.8","5.1","41.1","17.9","4674.726"
"KENYA","1998","1","7.2","5.8","37.4","17.5","5165.473"
"KENYA","2000","1","7.4","8.1","40.8","17.1","5538.880999999999"
"KENYA","2003","1","6.2","5.8","35.8","16.4","6007.359"
"KENYA","2005","1","6.9","7.9","40.3","18","6208.241"
"KENYA","2008","1","6.9","5","35.5","16.5","6599.5830000000005"
"KENYA","2014","1","4.2","4.1","26.2","11.2","7034.659000000001"
"KIRIBATI","1985","1","12.6","15.9","34.4","11.3","10.008"
"KIRIBATI","2009","1","","","","15.1","13.244000000000002"
"KUWAIT","1996","3","1.7","8.9","5","1.5","172.243"
"KUWAIT","2001","3","2.2","11","4","2.2","230.201"
"KUWAIT","2002","3","2.2","6.6","3.6","2.1","226.343"
"KUWAIT","2003","3","2.6","6.8","3.9","2.3","217.521"
"KUWAIT","2004","3","3.4","7.1","4.1","2.8","211.043"
"KUWAIT","2005","3","3.3","7.5","4.5","2.7","213.145"
"KUWAIT","2006","3","2.8","8.7","4.6","2.7","211.498"
"KUWAIT","2007","3","3.6","8.5","5.1","2.9","220.877"
"KUWAIT","2008","3","2.2","9.3","5.1","2.3","238.356"
"KUWAIT","2009","3","1.8","9","3.8","1.7","257.687"
"KUWAIT","2010","3","2.4","7.8","4.1","1.7","273.634"
"KUWAIT","2011","3","1.7","8.3","4","2.1","291.11"
"KUWAIT","2012","3","2.4","9.5","4.3","2.2","301.118"
"KUWAIT","2013","3","2.7","7.8","4.8","3.1","304.468"
"KUWAIT","2014","3","2.4","8.7","5.8","3","304.089"
"KUWAIT","2015","3","3.1","6","4.9","","302.482"
"KUWAIT","2016","3","2.4","6.8","5.9","","305.16900000000004"
"KUWAIT","2017","3","2.5","5.5","6.4","","304.748"
"KYRGYZSTAN","1997","1","2.9","8.1","36.2","10.4","564.395"
"KYRGYZSTAN","2006","1","3.4","10.7","18.1","2.7","495.25199999999995"
"KYRGYZSTAN","2009","1","1.3","4.4","22.6","4.7","571.001"
"KYRGYZSTAN","2012","1","2.8","8.9","17.9","3.8","684.515"
"KYRGYZSTAN","2014","1","2.8","7","12.9","2.8","750.07"
"KYRGYZSTAN","2018","1","2","6.9","11.8","1.8","787.721"
"LAO PEOPLE'S DEMOCRATIC REP. (THE)","1993","1","11.8","","53.6","39.8","817.955"
"LAO PEOPLE'S DEMOCRATIC REP. (THE)","1994","1","12.3","","52.9","35.9","829.821"
"LAO PEOPLE'S DEMOCRATIC REP. (THE)","2000","1","17.5","2.7","47.5","35.6","797.215"
"LAO PEOPLE'S DEMOCRATIC REP. (THE)","2006","1","7.4","1.3","47.7","31.6","759.7560000000001"
"LAO PEOPLE'S DEMOCRATIC REP. (THE)","2011","1","5.9","2","44.2","26.6","795.4730000000001"
"LAO PEOPLE'S DEMOCRATIC REP. (THE)","2015","1","9.7","2.5","35.5","25.5","781.052"
"LAO PEOPLE'S DEMOCRATIC REP. (THE)","2017","1","9","3.5","33.1","21.1","780.948"
"LEBANON","1996","2","3.6","20.8","17.2","3.5","440.189"
"LEBANON","2004","2","6.6","16.7","16.5","4.2","433.42400000000004"
"LESOTHO","1992","1","3.2","","39.2","13.8","276.243"
"LESOTHO","1993","1","22.4","","37.5","18.9","275.75"
"LESOTHO","2000","1","6.8","21","52.7","14.9","276.93"
"LESOTHO","2004","1","5.6","6.7","44.7","16.6","266.618"
"LESOTHO","2009","1","3.8","7.3","39.3","13.4","251.83700000000002"
"LESOTHO","2014","1","2.8","7.5","33.4","10.5","243.37599999999998"
"LESOTHO","2018","1","2.1","6.6","34.6","10.5","252.292"
"LIBERIA","2000","0","7.4","4.6","45.3","22.8","484.76"
"LIBERIA","2007","0","7.9","4.2","39.6","20.4","585.734"
"LIBERIA","2010","0","4","2.7","39","16.6","641.398"
"LIBERIA","2013","0","5.6","3.2","32.1","15.3","676.953"
"LIBERIA","2016","0","4.3","2.7","30.1","13.6","702.5419999999999"
"LIBYA","1995","2","3.6","13.4","21.1","4.2","601.727"
"LIBYA","2007","2","6.5","22.4","21","5.6","600.288"
"LIBYA","2014","2","10.2","29.6","38.1","11.7","663.695"
"MADAGASCAR","1992","0","6.4","1.6","60.5","35.2","2226.883"
"MADAGASCAR","1993","0","16.4","","54.1","40.9","2292.714"
"MADAGASCAR","1995","0","9","","55.2","30.4","2438.716"
"MADAGASCAR","1997","0","8.9","2.2","58.2","38","2611.1910000000003"
"MADAGASCAR","2004","0","15.1","6.2","52.7","36.7","3079.357"
"MADAGASCAR","2009","0","","","49.4","","3352.2209999999995"
"MADAGASCAR","2012","0","7.5","1.1","48.9","32.6","3528.0029999999997"
"MADAGASCAR","2018","0","6.4","1.4","41.6","26.4","3934.343"
"MALAWI","1992","0","6.6","9.8","55.4","24.4","1800.342"
"MALAWI","1995","0","8.5","","53.8","26.5","1776.769"
"MALAWI","1998","0","8.7","17.3","62.3","24.5","1892.134"
"MALAWI","2000","0","6.8","8.8","54.7","21.5","2013.864"
"MALAWI","2002","0","6.3","10","58.3","21.7","2132.152"
"MALAWI","2004","0","6.3","10.2","52.5","18.6","2229.02"
"MALAWI","2006","0","4.2","11.3","53.1","15.6","2357.654"
"MALAWI","2009","0","1.8","4.9","48.8","12.1","2572.697"
"MALAWI","2010","0","4","9","47.3","13.9","2632.4440000000004"
"MALAWI","2014","0","3.8","5.1","42.4","16.7","2758.829"
"MALAWI","2015","0","2.8","4.6","37.4","11.8","2777.065"
"MALAWI","2016","0","3.9","1.5","38.3","15","2781.8140000000003"
"MALAWI","2016","0","2.4","2.3","44.2","15.8","2781.8140000000003"
"MALAWI","2017","0","2.2","","","11.2","2801.736"
"MALAWI","2018","0","1.3","2.5","39","11.8","2835.1679999999997"
"MALAYSIA","1990","2","","","","22.1","2437.331"
"MALAYSIA","1991","2","","","","23.1","2468.663"
"MALAYSIA","1992","2","","","","22.6","2500.097"
"MALAYSIA","1993","2","","","","20.5","2532.239"
"MALAYSIA","1994","2","","","","19.7","2564.6710000000003"
"MALAYSIA","1995","2","","","","17.7","2595.647"
"MALAYSIA","1999","2","15.3","5.5","20.7","16.7","2684.759"
"MALAYSIA","2006","2","","","17.2","12.9","2490.847"
"MALAYSIA","2015","2","8","7.1","17.7","12.4","2504.056"
"MALAYSIA","2016","2","11.5","6","20.7","13.7","2553.619"
"MALDIVES","1994","2","16.1","1.2","36.1","32.5","41.015"
"MALDIVES","1995","2","18.9","2.2","33","39","39.913000000000004"
"MALDIVES","1997","2","19.9","9.8","43","36.7","36.61"
"MALDIVES","2001","2","13.4","3.9","31.9","25.7","30.18"
"MALDIVES","2009","2","10.6","6.2","19","17.7","32.509"
"MALI","1987","0","11.3","0.5","35.8","28.6","1502.531"
"MALI","1996","0","22","2.3","39.9","37.7","1863.183"
"MALI","2001","0","12.6","3.1","42.5","30","2140.554"
"MALI","2006","0","15.4","4.6","37.6","27.9","2570.891"
"MALI","2010","0","8.9","1","27.8","18.9","2928.051"
"MALI","2015","0","13.5","1.9","30.4","25","3269.5490000000004"
"MALI","2018","0","9","2","26.9","18.6","3460.191"
"MARSHALL ISLANDS","2017","2","3.5","4.1","34.8","11.9","1"
"MAURITANIA","1988","1","19.1","","40.2","","338.292"
"MAURITANIA","1990","1","17.4","6.8","54.6","43.1","353.349"
"MAURITANIA","1996","1","8.7","","49.8","20.3","395.865"
"MAURITANIA","2000","1","15.3","3.8","38.6","29.7","432.584"
"MAURITANIA","2007","1","13.6","2.3","31.5","25.5","511.30300000000005"
"MAURITANIA","2008","1","8.1","1","23.6","16.5","523.9169999999999"
"MAURITANIA","2011","1","13.9","3.2","29.7","24.4","567.356"
"MAURITANIA","2012","1","11.7","1.2","23","20.2","583.1419999999999"
"MAURITANIA","2015","1","14.8","1.3","27.9","24.9","628.482"
"MAURITANIA","2018","1","11.5","1.5","22.8","19.2","668.659"
"MAURITIUS","1985","2","18.3","8.8","27.3","21.1","104.34"
"MAURITIUS","1995","2","15.7","6.5","13.6","13","111.01"
"MEXICO","1988","2","7.4","6.1","28.7","12.4","11342.633"
"MEXICO","1989","2","6.1","11","26","9.6","11444.17"
"MEXICO","1996","2","8.5","","25.8","10.3","11489.28"
"MEXICO","1998","2","2","7.5","21.4","5.6","11456.848"
"MEXICO","2006","2","2","7.5","15.5","3.4","11394.496000000001"
"MEXICO","2012","2","1.6","9","13.6","2.8","11170.676000000001"
"MEXICO","2015","2","1","5.2","12.4","3.9","11234.088"
"MEXICO","2016","2","2","5.3","10","4.2","11264.091"
"MONGOLIA","1992","1","2.4","","33.1","11.8","326.28"
"MONGOLIA","1999","1","4.3","7","30.1","10.8","239.36599999999999"
"MONGOLIA","2000","1","7.1","12.7","29.8","11.6","233.94"
"MONGOLIA","2004","1","0.6","6.1","23.5","4.8","218.903"
"MONGOLIA","2005","1","2.7","14.2","27.5","5.3","221.602"
"MONGOLIA","2010","1","1.8","6.7","15.5","4.7","283.893"
"MONGOLIA","2013","1","1","10.5","10.8","1.6","338.98900000000003"
"MONGOLIA","2016","1","1.2","11.7","7.3","0.8","374.176"
"MONGOLIA","2018","1","0.9","10.5","9.4","1.8","380.273"
"MONTENEGRO","2005","2","4.2","15.7","7.9","2.2","40.301"
"MONTENEGRO","2013","2","2.8","22.3","9.4","1","38.348"
"MOROCCO","1987","1","3.9","5.6","31","10.4","3530.6820000000002"
"MOROCCO","1992","1","2.6","10.8","30.1","8.1","3320.972"
"MOROCCO","1997","1","4.7","13.7","28.9","7.7","3281.966"
"MOROCCO","2003","1","10.8","13.4","23.1","9.8","3030.272"
"MOROCCO","2011","1","2.3","10.8","14.9","2.9","3213.6809999999996"
"MOROCCO","2017","1","2.6","10.9","15.1","2.6","3487.63"
"MOZAMBIQUE","1995","0","9.6","","59.9","23.9","2721.9309999999996"
"MOZAMBIQUE","1997","0","9.8","5.9","48.7","26.3","2917.468"
"MOZAMBIQUE","2001","0","8.1","8.8","50.7","24.5","3278.055"
"MOZAMBIQUE","2003","0","5.4","6.3","46.9","21.2","3509.278"
"MOZAMBIQUE","2008","0","4.2","3.6","43.5","18.2","4020.577"
"MOZAMBIQUE","2011","0","6.1","7.8","42.9","15.6","4256.094"
"MOZAMBIQUE","2015","0","4.4","7","42.3","15.6","4635.479"
"MYANMAR","1990","1","","","","32.5","5276.911"
"MYANMAR","1991","1","12.7","","53.6","37","5194.512"
"MYANMAR","1994","1","9.2","","58.7","31.2","5054.443"
"MYANMAR","1995","1","","","","38.7","5042.4259999999995"
"MYANMAR","1997","1","9.6","9.7","55.4","28.1","5081.455"
"MYANMAR","2000","1","10.7","2.4","40.8","30","5207.087"
"MYANMAR","2003","1","11.7","6.9","42.7","29.2","5362.486"
"MYANMAR","2009","1","7.9","2.6","35.1","22.6","5040.175"
"MYANMAR","2016","1","6.6","1.5","29.4","18.5","4545.6140000000005"
"NAMIBIA","1992","2","9.6","4.5","35.6","21.4","253.611"
"NAMIBIA","2000","2","10","3.3","29.3","20.2","265.43"
"NAMIBIA","2007","2","7.6","4.7","29.2","17.4","261.428"
"NAMIBIA","2013","2","7.1","4","22.7","13.2","313.885"
"NAURU","2007","2","1","2.8","24","4.8","1"
"NEPAL","1995","0","6","","68.2","42.6","3376.775"
"NEPAL","1996","0","12.6","0.7","65.7","47.1","3450.425"
"NEPAL","1998","0","7.9","0.4","61.1","38.2","3561.2709999999997"
"NEPAL","2001","0","11.3","0.7","57.1","42.8","3601.164"
"NEPAL","2006","0","12.7","0.6","49.2","38.5","3243.134"
"NEPAL","2011","0","11.2","1.5","40.5","29.1","2983.473"
"NEPAL","2014","0","11.3","2.1","37.5","30.1","2823.184"
"NEPAL","2016","0","9.6","1.2","36","27.2","2769.163"
"NICARAGUA","1993","1","2.5","5.5","29.6","9.6","698.285"
"NICARAGUA","1998","1","3.4","6.9","30.5","10.3","686.398"
"NICARAGUA","2001","1","2.3","7.2","25.1","7.7","662.1080000000001"
"NICARAGUA","2004","1","0.3","5.2","18.8","4.3","656.426"
"NICARAGUA","2006","1","1.5","6.2","23.1","5.7","658.212"
"NICARAGUA","2012","1","2.2","8.3","17.3","4.6","670.204"
"NIGER (THE)","1985","0","25.3","","43.8","45","1430.4920000000002"
"NIGER (THE)","1992","0","18.8","2","45.3","38.7","1726.4389999999999"
"NIGER (THE)","1998","0","19.8","1.1","50.7","46.9","2172.025"
"NIGER (THE)","2000","0","16.2","1.7","53.5","43.1","2342.97"
"NIGER (THE)","2006","0","12.5","3.5","54.8","39.9","2960.305"
"NIGER (THE)","2012","0","18.2","3.1","43.5","38","3690.051"
"NIGER (THE)","2012","0","13.4","0.8","39.9","32.1","3690.051"
"NIGER (THE)","2013","0","12.4","0.4","42.5","33.1","3818.03"
"NIGER (THE)","2014","0","14.2","0.5","42.2","34.6","3947.465"
"NIGER (THE)","2016","0","10.4","1.1","41.3","32","4228.159000000001"
"NIGER (THE)","2018","0","14.1","1","48.5","37.5","4503.387"
"NIGERIA","1990","1","11.7","3.3","48.7","33.1","16798.895"
"NIGERIA","1993","1","20.6","5.5","43.8","35.1","17830.17"
"NIGERIA","2003","1","11.2","6.3","42.5","26.7","23022.562"
"NIGERIA","2007","1","13.4","13.3","39.2","23.3","25754.299"
"NIGERIA","2008","1","14.5","10.4","40.6","26.7","26384.572999999997"
"NIGERIA","2011","1","10.2","3","35.8","24.2","28405.417999999998"
"NIGERIA","2013","1","18.1","5","36.5","31","29803.347999999998"
"NIGERIA","2014","1","7.9","1.8","33.6","20.6","30478.641"
"NIGERIA","2015","1","7.3","1.6","33","19.5","31132.119"
"NIGERIA","2016","1","10.8","1.5","43.6","31.5","31830.807"
"NIGERIA","2018","1","6.8","2.1","36.8","21.8","32917.192"
"NORTH MACEDONIA","1999","2","1.7","9.6","8","1.9","140.378"
"NORTH MACEDONIA","2005","2","3.4","16.2","11.3","1.8","124.03299999999999"
"NORTH MACEDONIA","2011","2","1.8","12.4","4.9","1.3","110.975"
"OMAN","1991","3","7.8","8.4","24.2","18.6","323.05400000000003"
"OMAN","1994","3","7.2","1","21.1","10.4","316.09"
"OMAN","1999","3","7.8","1.6","15.8","13","288.703"
"OMAN","2009","3","7.1","1.7","9.8","8.6","275.445"
"OMAN","2014","3","7.5","4.4","14.1","9.7","366.134"
"OMAN","2017","3","9.3","4.2","11.4","11.2","423.51"
"PAKISTAN","1986","1","24","7.8","62.5","44.4","16224.663999999999"
"PAKISTAN","1991","1","12.5","5.4","54.5","39","19020.728"
"PAKISTAN","1992","1","17.2","1.6","42.7","35.3","19479.293"
"PAKISTAN","1995","1","","","","34.2","20542.96"
"PAKISTAN","2001","1","14.1","4.8","41.4","31.2","22111.536"
"PAKISTAN","2011","1","14.8","6.4","43","30.9","24407.638"
"PAKISTAN","2013","1","10.5","4.8","45","31.8","25121.446"
"PAKISTAN","2018","1","7.1","2.5","37.6","23.1","27290.917999999998"
"PANAMA","1997","3","1.3","6.4","16.8","5","327.691"
"PANAMA","2003","3","1.6","11.1","23.7","5.3","350.045"
"PANAMA","2008","3","1.2","9.7","19","3.9","360.272"
"PAPUA NEW GUINEA","1983","1","5.5","3.1","46","22.8","648.25"
"PAPUA NEW GUINEA","2005","1","4.4","3.4","43.9","18.1","947.8919999999999"
"PAPUA NEW GUINEA","2010","1","14.1","13.7","49.5","27.8","1012.1419999999999"
"PARAGUAY","1990","2","0.6","6.3","18.3","2.8","659.7689999999999"
"PARAGUAY","2005","2","1.1","7.1","17.5","3.4","677.9810000000001"
"PARAGUAY","2012","2","2.6","11.3","10.7","2.6","695.3969999999999"
"PARAGUAY","2016","2","1","12.4","5.6","1.3","684.758"
"PERU","1991","2","1.9","9.3","37.3","8.8","3141.134"
"PERU","1996","2","1.6","9.9","31.6","5.7","3104"
"PERU","2000","2","1.1","11.8","31.3","5.2","2999.922"
"PERU","2005","2","1","9.1","29.2","5.4","2937.224"
"PERU","2007","2","0.8","10","28","4.3","2975.905"
"PERU","2009","2","0.6","10.3","23.9","4.3","3008.742"
"PERU","2010","2","0.7","8","23.3","4.3","3004.452"
"PERU","2011","2","0.4","8.8","19.5","4.2","3012.156"
"PERU","2012","2","0.6","7.2","18.4","3.4","2966.366"
"PERU","2013","2","0.4","8.4","17.7","3.6","2892.909"
"PERU","2014","2","0.6","8.8","14.8","3.2","2829.817"
"PERU","2015","2","0.6","8.2","14.7","3.4","2799.873"
"PERU","2016","2","0.6","7.7","13.1","3.2","2708.3"
"PERU","2017","2","0.5","8","12.9","3.2","2705.216"
"PERU","2018","2","0.5","8.6","12.2","2.6","2756.62"
"PHILIPPINES (THE)","1987","1","5.7","","44.7","29.3","8873.88"
"PHILIPPINES (THE)","1990","1","6.9","","43.3","29.9","9441.99"
"PHILIPPINES (THE)","1992","1","8.8","1.7","40.9","29.8","9761.431"
"PHILIPPINES (THE)","1993","1","9.1","","38.9","26.3","9859.886"
"PHILIPPINES (THE)","1998","1","8","1.9","38.3","28.3","10437.771"
"PHILIPPINES (THE)","2003","1","6","2.4","33.8","20.7","11252.505"
"PHILIPPINES (THE)","2008","1","6.9","3.3","32.3","20.7","11181.54"
"PHILIPPINES (THE)","2011","1","7","3.7","33.4","20.2","11129.545"
"PHILIPPINES (THE)","2013","1","7.6","4.5","30","19.9","11375.488000000001"
"PHILIPPINES (THE)","2015","1","6.8","3.3","33.1","21.4","11477.213"
"PHILIPPINES (THE)","2018","1","5.6","4","30.3","19.1","11035.267"
"POLAND","2009","3","","","2.9","","1976.249"
"POLAND","2014","3","","","2.6","","1926.497"
"QATAR","1995","3","2.1","10.4","11.6","4.8","50.012"
"REPUBLIC OF KOREA (THE)","2003","3","0.9","6.2","2.5","0.9","2685.256"
"REPUBLIC OF KOREA (THE)","2010","3","1.2","7.3","2.5","0.7","2288.938"
"REPUBLIC OF MOLDOVA (THE)","2005","1","5.8","8.9","10.7","3.2","205.482"
"REPUBLIC OF MOLDOVA (THE)","2012","1","1.9","4.9","6.4","2.2","225.62099999999998"
"ROMANIA","1991","2","3.3","4","11.2","5","1845.714"
"ROMANIA","1999","2","3.6","10.1","15.3","3.4","1094.2839999999999"
"ROMANIA","2000","2","4.3","8.9","12.8","3.7","1101.366"
"ROMANIA","2001","2","3.9","9.1","14","3.8","1152.31"
"ROMANIA","2002","2","3.5","8.3","12.8","3.5","1147.229"
"RWANDA","1992","0","5","4","56.8","24.2","1166.46"
"RWANDA","1996","0","11","","45.4","22.6","813.977"
"RWANDA","2000","0","8.7","7.1","47.9","20.3","1289.528"
"RWANDA","2005","0","4.9","6.7","51.4","17.9","1406"
"RWANDA","2009","0","4.6","","52","15.8","1545.151"
"RWANDA","2010","0","2.9","6.9","44.3","11.7","1578.4089999999999"
"RWANDA","2012","0","2.4","6","43.8","12","1633.869"
"RWANDA","2015","0","2.3","7.9","38.3","9.6","1690.2020000000002"
"RWANDA","2015","0","2","5.6","36.9","8.9","1690.2020000000002"
"SAINT LUCIA","2012","2","3.7","6.3","2.5","2.8","11.07"
"SAMOA","1999","2","1.3","6.2","6.4","1.7","25.636999999999997"
"SAMOA","2014","2","3.9","5.3","4.9","3.2","28.554000000000002"
"SAO TOME AND PRINCIPE","1986","1","6","","32","14.5","18.281"
"SAO TOME AND PRINCIPE","2000","1","3.9","9.3","35.5","10.2","23.065"
"SAO TOME AND PRINCIPE","2006","1","9.6","15.4","28.9","8","28.144000000000002"
"SAO TOME AND PRINCIPE","2008","1","11.6","11.1","30.8","14.8","29.162"
"SAO TOME AND PRINCIPE","2014","1","4","2.4","17.2","8.8","30.828000000000003"
"SAUDI ARABIA","1994","3","2.9","1.2","21.4","13.5","2752.7690000000002"
"SAUDI ARABIA","2005","3","11.8","6.1","9.3","5.3","2736.025"
"SENEGAL","1986","1","5.1","2.3","26.5","17","1279.819"
"SENEGAL","1992","1","9","4","34.4","20.4","1423.1729999999998"
"SENEGAL","1993","1","9.4","4","29.8","19","1455.386"
"SENEGAL","1996","1","8.2","","28.8","19.6","1553.665"
"SENEGAL","2000","1","10","3.2","26","17.8","1658.629"
"SENEGAL","2005","1","8.7","2.5","19.9","14.5","1843.683"
"SENEGAL","2011","1","9.8","2.7","26.7","18.4","2221.1220000000003"
"SENEGAL","2012","1","8.7","0.7","15.5","14.4","2285.8579999999997"
"SENEGAL","2013","1","9","1.4","18.8","16.7","2343.304"
"SENEGAL","2014","1","5.9","1.3","18.8","12.8","2395.731"
"SENEGAL","2015","1","7.8","1","20.7","16.1","2445.327"
"SENEGAL","2016","1","7.1","0.9","17.1","13.8","2491.26"
"SENEGAL","2017","1","9","0.9","16.5","14.4","2527.1020000000003"
"SENEGAL","2019","1","8.1","2.6","18.8","13.3","2584.884"
"SERBIA","2005","2","4.5","19.3","8.1","1.8","536.006"
"SERBIA","2010","2","3.5","15.6","6.6","1.6","489.48"
"SERBIA","2014","2","3.9","13.9","6","1.8","443.994"
"SEYCHELLES","1988","3","2.7","5.8","7.7","5","8.397"
"SEYCHELLES","2012","3","4.3","10.2","7.9","3.6","7.816"
"SIERRA LEONE","1989","0","8.4","","41.4","23.7","755.545"
"SIERRA LEONE","1990","0","10.2","","40.9","25.4","760.355"
"SIERRA LEONE","2000","0","11.6","4.8","35.5","23.4","788.65"
"SIERRA LEONE","2005","0","10.2","5.9","45","27.2","956.8710000000001"
"SIERRA LEONE","2008","0","10.5","10.1","37.2","21.5","1031.01"
"SIERRA LEONE","2010","0","8.5","9.6","44.4","21.7","1054.6660000000002"
"SIERRA LEONE","2013","0","9.4","8.8","37.8","18.2","1088.0910000000001"
"SIERRA LEONE","2017","0","6.8","4.2","31","15.6","1121.384"
"SIERRA LEONE","2017","0","5.1","2","29.3","13.6","1121.384"
"SIERRA LEONE","2019","0","5.4","4.5","29.5","13.6","1147.3110000000001"
"SINGAPORE","2000","3","3.6","2.6","4.4","3.3","237.083"
"SOLOMON ISLANDS","1989","1","7.4","1.9","33.7","16.3","52.052"
"SOLOMON ISLANDS","2007","1","4.3","2.5","32.8","11.5","75.422"
"SOLOMON ISLANDS","2015","1","8.5","4.5","31.7","16.2","93.586"
"SOMALIA","2000","0","19.3","","29.2","22.8","1777.5439999999999"
"SOMALIA","2006","0","13.3","4.7","42","32.8","2057.311"
"SOMALIA","2009","0","14.3","3","25.3","22.5","2217.124"
"SOUTH AFRICA","1994","2","9.1","13.6","29.7","14.9","5192.969"
"SOUTH AFRICA","1995","2","3.3","10.3","28.7","8","5114.903"
"SOUTH AFRICA","1999","2","4.5","10.4","30.1","9.8","4888.759"
"SOUTH AFRICA","2004","2","7.8","17.2","35.5","12.1","4883.204000000001"
"SOUTH AFRICA","2008","2","4.8","13.3","24.9","8.8","5274.302"
"SOUTH AFRICA","2012","2","5.6","17.2","27.2","8.5","5752.842"
"SOUTH AFRICA","2016","2","2.5","13.3","27.4","5.9","5815.375"
"SOUTH SUDAN","2006","0","24.6","10.9","36.2","32.5","1335.359"
"SOUTH SUDAN","2010","0","22.7","6","31.3","27.7","1583.1660000000002"
"SRI LANKA","1987","2","14.9","0.3","32.3","32.8","1883.1779999999999"
"SRI LANKA","1993","2","17.5","","29.7","33.8","1723.4779999999998"
"SRI LANKA","1995","2","15.3","","26.1","29.3","1716.2679999999998"
"SRI LANKA","2000","2","15.5","1","18.4","22.8","1641.32"
"SRI LANKA","2007","2","14.7","1.6","17.3","21.1","1796.203"
"SRI LANKA","2009","2","11.8","0.8","19.2","21.6","1792.2579999999998"
"SRI LANKA","2012","2","21.3","0.6","14.6","26.1","1764.381"
"SRI LANKA","2016","2","15.1","2","17.3","20.5","1712.612"
"STATE OF PALESTINE","1996","1","3.6","4","10.6","3.6","545.491"
"STATE OF PALESTINE","2002","1","9.4","","16.1","","577.6619999999999"
"STATE OF PALESTINE","2004","1","3.1","9","10.7","3.3","573.0840000000001"
"STATE OF PALESTINE","2006","1","1.8","11.4","13.6","2.6","577.712"
"STATE OF PALESTINE","2010","1","3.3","5.3","10.9","3.7","625.242"
"STATE OF PALESTINE","2014","1","1.2","8.2","7.4","1.4","670.525"
"SUDAN (THE)","2006","1","14.5","4.2","38.3","27","5265.818"
"SUDAN (THE)","2010","1","15.4","1.5","34.1","29.8","5557.946999999999"
"SUDAN (THE)","2014","1","16.3","3","38.2","33","5829.274"
"SURINAME","2000","2","7","2.9","14.1","11.1","53.65"
"SURINAME","2006","2","4.9","4","10.6","7.5","53.17100000000001"
"SURINAME","2010","2","5","4","8.8","5.8","52.358000000000004"
"SYRIAN ARAB REPUBLIC (THE)","1993","0","10","15","32.8","11.5","2158.072"
"SYRIAN ARAB REPUBLIC (THE)","1995","0","10.4","","26.5","11.3","2185.907"
"SYRIAN ARAB REPUBLIC (THE)","2000","0","4.9","","24.3","6","2432.026"
"SYRIAN ARAB REPUBLIC (THE)","2001","0","10.3","19.7","31.1","11.1","2499.911"
"SYRIAN ARAB REPUBLIC (THE)","2006","0","10.3","18.7","28.7","10","2638.577"
"SYRIAN ARAB REPUBLIC (THE)","2010","0","11.5","17.9","27.9","10.4","2942.763"
"TAJIKISTAN","1999","0","11.4","","41.5","","895.637"
"TAJIKISTAN","2000","0","9.4","","42.1","","892.437"
"TAJIKISTAN","2001","0","19.4","","43.2","","886.613"
"TAJIKISTAN","2002","0","6.1","","37.1","","875.654"
"TAJIKISTAN","2003","0","5.9","","42.4","","862.533"
"TAJIKISTAN","2005","0","8.7","6.8","33.1","14.9","856.773"
"TAJIKISTAN","2007","0","6.9","12","39.3","15.1","888.165"
"TAJIKISTAN","2009","0","4.3","4.2","28.8","8.3","948.76"
"TAJIKISTAN","2012","0","9.9","6.7","26.9","13.3","1099.494"
"TAJIKISTAN","2016","0","3.6","3.7","19.6","6.4","1269.761"
"TAJIKISTAN","2017","0","5.6","3.3","17.5","7.6","1303.516"
"THAILAND","1987","2","5.7","1.3","24.6","20.2","5586.318"
"THAILAND","1993","2","7.3","","21.1","16.3","5223.68"
"THAILAND","1995","2","6.7","4.7","18.1","15.4","5125.275"
"THAILAND","2006","2","4.7","8","15.7","7","4182.899"
"THAILAND","2012","2","6.7","10.9","16.4","9.2","4007.509"
"THAILAND","2016","2","5.4","8.2","10.5","6.7","3784.092"
"TIMOR-LESTE","2002","1","13.7","5.7","55.7","40.6","155.05700000000002"
"TIMOR-LESTE","2003","1","14.3","","54.8","41.5","159.679"
"TIMOR-LESTE","2007","1","21.3","1.5","57.2","49.5","169.326"
"TIMOR-LESTE","2009","1","18.9","5.8","57.5","44.9","163.28799999999998"
"TIMOR-LESTE","2013","1","9.9","1.6","51.7","37.5","154.874"
"TOGO","1988","0","5.9","2.9","40.7","21.7","653.615"
"TOGO","1996","0","","","40.2","16.7","726.957"
"TOGO","1998","0","12.4","2.3","33.2","23.8","768.985"
"TOGO","2006","0","15.5","4.8","29.9","23.3","974.05"
"TOGO","2008","0","6","","26.9","20.5","1022.3839999999999"
"TOGO","2010","0","4.8","1.6","29.8","16.6","1065.211"
"TOGO","2012","0","5.5","1.7","26.2","16.5","1102.655"
"TOGO","2014","0","6.6","2","27.6","16.1","1132.623"
"TOGO","2017","0","5","1.5","23.8","15.2","1174.306"
"TONGA","1986","2","1.3","","2.2","","14.520999999999999"
"TONGA","2012","2","5.2","17.3","8.1","1.9","13.28"
"TRINIDAD AND TOBAGO","1987","3","4.8","3.5","6.3","6.2","153.931"
"TRINIDAD AND TOBAGO","2000","3","5.2","5","5.3","4.3","89.616"
"TRINIDAD AND TOBAGO","2011","3","6.4","11.4","9.2","4.9","97.59299999999999"
"TUNISIA","1988","1","3.1","3.7","18.5","7.9","1072.401"
"TUNISIA","1997","1","7.2","1.4","11.9","3.3","898.842"
"TUNISIA","2000","1","2.9","","16.8","3.5","840.666"
"TUNISIA","2006","1","3.4","8.8","9","3.3","802.318"
"TUNISIA","2012","1","2.8","14.3","10.1","2.3","923.428"
"TUNISIA","2018","1","2.1","17.2","8.4","1.6","1035.907"
"TURKEY","1993","2","3.9","4.9","23.6","8.7","6445.376"
"TURKEY","1995","2","","","","9","6438.95"
"TURKEY","1998","2","3","3.8","18.8","7","6565.825"
"TURKEY","2004","2","1.1","8.8","15.2","3.5","6580.835"
"TURKEY","2008","2","1","9.8","12.5","1.9","6379.973000000001"
"TURKEY","2013","2","1.9","11.1","10","2.3","6645.944"
"TURKEY","2018","2","1.7","8.1","6","1.5","6749.274"
"TURKMENISTAN","2000","2","7.1","","28.1","10.5","489.647"
"TURKMENISTAN","2006","2","7.2","4.5","18.9","9.2","522.462"
"TURKMENISTAN","2015","2","4.2","5.9","11.5","3.2","678.765"
"TUVALU","2007","2","3.3","6.3","10","1.6","1"
"UGANDA","1988","0","3.1","3.6","47.7","19.7","3180.7470000000003"
"UGANDA","1995","0","5.9","5","45.7","20.8","4100.305"
"UGANDA","2000","0","5","4.9","44.9","19.2","4736.456"
"UGANDA","2006","0","6.2","4.9","38.4","16.3","5654.524"
"UGANDA","2009","0","4.4","3.2","38.2","15.7","6110.879"
"UGANDA","2011","0","4.6","3.8","33.5","14.1","6424.52"
"UGANDA","2012","0","4.2","5.8","33.7","11.9","6568.534000000001"
"UGANDA","2014","0","3.8","3.6","34","11.7","6856.724"
"UGANDA","2016","0","3.5","3.7","28.9","10.4","7198.326"
"UKRAINE","2000","1","8.2","26.5","22.9","4.1","2160.097"
"UNITED REPUBLIC OF TANZANIA (THE)","1991","0","7.8","5.8","49.9","24.8","4710.997"
"UNITED REPUBLIC OF TANZANIA (THE)","1996","0","8.5","4.6","49.6","26.8","5383.096"
"UNITED REPUBLIC OF TANZANIA (THE)","1999","0","5.6","3.3","48.3","25.3","5627.8640000000005"
"UNITED REPUBLIC OF TANZANIA (THE)","2004","0","3.5","4.9","44.4","16.7","6576.269"
"UNITED REPUBLIC OF TANZANIA (THE)","2009","0","2.9","4.7","43.2","16.4","7706.205"
"UNITED REPUBLIC OF TANZANIA (THE)","2010","0","4.9","5.4","42.1","16.1","7901.238"
"UNITED REPUBLIC OF TANZANIA (THE)","2011","0","6.2","5.1","35","14.1","8090.972"
"UNITED REPUBLIC OF TANZANIA (THE)","2013","0","4.4","5.1","37.4","13.1","8426.615"
"UNITED REPUBLIC OF TANZANIA (THE)","2014","0","3.8","","34.7","13.4","8593.615"
"UNITED REPUBLIC OF TANZANIA (THE)","2015","0","4.5","3.7","34.5","13.7","8770.56"
"UNITED REPUBLIC OF TANZANIA (THE)","2018","0","3.5","2.8","31.8","14.6","9316.107"
"UNITED STATES OF AMERICA (THE)","1991","3","0.7","5.4","3.2","0.9","19515.152"
"UNITED STATES OF AMERICA (THE)","2001","3","0.4","7","3.3","1.1","19359.971"
"UNITED STATES OF AMERICA (THE)","2005","3","0.8","8.1","3.2","1.1","20270.037"
"UNITED STATES OF AMERICA (THE)","2009","3","0.5","7.8","2.7","0.8","20974.629"
"UNITED STATES OF AMERICA (THE)","2012","3","0.5","6","2.1","0.5","20679.186"
"UNITED STATES OF AMERICA (THE)","2014","3","0.3","8.2","2.4","","20151.215"
"UNITED STATES OF AMERICA (THE)","2016","3","0.4","9.4","3.5","","19595.177"
"URUGUAY","1987","3","","","21","6.5","258.776"
"URUGUAY","1999","3","2.3","9","12.8","4.7","273.671"
"URUGUAY","2002","3","2.4","10","14.7","5.4","261.276"
"URUGUAY","2003","3","2.8","11.5","15.8","5.1","258.592"
"URUGUAY","2004","3","3","9.4","13.9","6","255.985"
"URUGUAY","2007","3","2.5","7.9","10.8","4.2","246.55700000000002"
"URUGUAY","2011","3","1.3","7.2","10.7","4","234.75599999999997"
"UZBEKISTAN","1996","1","10.7","15.9","39.5","13.3","3227.16"
"UZBEKISTAN","2002","1","9","11","24.9","7.4","2642.6409999999996"
"UZBEKISTAN","2006","1","4.4","12.2","19.6","4.4","2597.219"
"UZBEKISTAN","2017","1","1.8","4.6","10.8","2.9","3363.002"
"VANUATU","1996","1","6.8","","25.7","10.6","26.795"
"VANUATU","2007","1","5.9","4.7","25.7","11.5","30.776"
"VANUATU","2013","1","4.7","4.9","28.9","11.7","37.743"
"VENEZUELA (BOLIVARIAN REPUBLIC OF)","1987","2","2.2","9","7","3.9","2556.089"
"VENEZUELA (BOLIVARIAN REPUBLIC OF)","1990","2","5.7","4","18.6","6.7","2701.0370000000003"
"VENEZUELA (BOLIVARIAN REPUBLIC OF)","1991","2","4.5","4.3","18.2","5.4","2743.0159999999996"
"VENEZUELA (BOLIVARIAN REPUBLIC OF)","1992","2","4.3","4.9","18.3","4.5","2759.3959999999997"
"VENEZUELA (BOLIVARIAN REPUBLIC OF)","1993","2","4","4.9","17.4","4","2757.565"
"VENEZUELA (BOLIVARIAN REPUBLIC OF)","1994","2","3.8","5","17.9","3.9","2751.4840000000004"
"VENEZUELA (BOLIVARIAN REPUBLIC OF)","1995","2","3.8","4.7","18.9","4.1","2750.9040000000005"
"VENEZUELA (BOLIVARIAN REPUBLIC OF)","1996","2","3.8","4.7","19.3","4.4","2739.739"
"VENEZUELA (BOLIVARIAN REPUBLIC OF)","1997","2","3.8","5","19.9","4.5","2743.8559999999998"
"VENEZUELA (BOLIVARIAN REPUBLIC OF)","1998","2","4.4","4.9","19.2","4.6","2759.202"
"VENEZUELA (BOLIVARIAN REPUBLIC OF)","1999","2","4","5.2","18.3","4.1","2776.921"
"VENEZUELA (BOLIVARIAN REPUBLIC OF)","2000","2","3.9","5.3","17.4","3.9","2790.755"
"VENEZUELA (BOLIVARIAN REPUBLIC OF)","2001","2","4.4","5.4","17.3","4","2810.0609999999997"
"VENEZUELA (BOLIVARIAN REPUBLIC OF)","2002","2","4.8","5.4","17.6","4.2","2825.7790000000005"
"VENEZUELA (BOLIVARIAN REPUBLIC OF)","2003","2","5.2","5.3","17.7","4.6","2837.5490000000004"
"VENEZUELA (BOLIVARIAN REPUBLIC OF)","2004","2","5.2","5.2","17.1","4.5","2847.468"
"VENEZUELA (BOLIVARIAN REPUBLIC OF)","2005","2","4.8","5.5","16.2","4.1","2857.2940000000003"
"VENEZUELA (BOLIVARIAN REPUBLIC OF)","2006","2","4.8","6.1","16.2","3.9","2874.0209999999997"
"VENEZUELA (BOLIVARIAN REPUBLIC OF)","2007","2","5","6.1","15.6","3.7","2882.7540000000004"
"VENEZUELA (BOLIVARIAN REPUBLIC OF)","2008","2","4.5","6.3","14.6","3.2","2887.014"
"VENEZUELA (BOLIVARIAN REPUBLIC OF)","2009","2","4.1","6.4","13.4","2.9","2891.8979999999997"
"VIET NAM","1988","1","11.1","","61.3","40.7","8972.775"
"VIET NAM","1993","1","6.7","2.9","61.5","36.6","9341.234"
"VIET NAM","1994","1","13.5","","52.5","40.6","9296.383"
"VIET NAM","1998","1","11.9","1.4","42.1","35.8","8048.682"
"VIET NAM","1999","1","11","1.8","43.7","31.1","7564.743"
"VIET NAM","2000","1","6.1","2.6","43.2","26.7","7190.755999999999"
"VIET NAM","2002","1","8.9","2.6","37.5","23.4","6498.305"
"VIET NAM","2003","1","10.9","2.2","35.4","24.6","6528.895"
"VIET NAM","2004","1","11.3","2.7","33.7","23.8","6629.731"
"VIET NAM","2005","1","10.7","2.6","33.2","22.7","6697.017"
"VIET NAM","2006","1","9.9","3.1","31.8","22.1","6922.325"
"VIET NAM","2007","1","10.1","2.9","32.2","22.6","7044.379"
"VIET NAM","2008","1","9.7","3","30.5","20.2","7089.525"
"VIET NAM","2010","1","7.1","","29.3","17.5","7210.284000000001"
"VIET NAM","2011","1","6.6","","27.5","16.8","7343.008000000001"
"VIET NAM","2010","1","4.1","4.5","22.7","11.7","7210.284000000001"
"VIET NAM","2012","1","6.7","4.8","26.7","16.2","7433.6359999999995"
"VIET NAM","2013","1","6.6","4.6","25.9","15.3","7505.594"
"VIET NAM","2014","1","6.8","3.5","24.9","14.5","7571.8730000000005"
"VIET NAM","2015","1","6.4","5.3","24.6","14.1","7642.771"
"VIET NAM","2016","1","","","24.3","13.8","7672.773"
"VIET NAM","2017","1","5.8","5.9","23.8","13.4","7743.8730000000005"
"YEMEN","1991","0","14.1","8.1","50.4","29.9","2654.203"
"YEMEN","1996","0","17.4","6.9","50.4","34.2","3104.875"
"YEMEN","1997","0","16.5","3.7","55.2","43","3124.1240000000003"
"YEMEN","2003","0","15.3","4.9","57.3","45.3","3171.92"
"YEMEN","2005","0","13.7","6.3","57","36.7","3309.04"
"YEMEN","2011","0","13.3","1.5","46.6","35.5","3685.836"
"YEMEN","2013","0","16.4","2.5","46.4","39.9","3836.3340000000003"
"ZAMBIA","1992","1","6.3","4.7","46.3","21.2","1556.5220000000002"
"ZAMBIA","1995","1","","","58.1","","1657.135"
"ZAMBIA","1996","1","5.3","6.2","48.6","19.6","1703.3670000000002"
"ZAMBIA","1999","1","5","14","59.2","19.6","1852.8110000000001"
"ZAMBIA","2002","1","6.2","5.9","52.5","23.2","2042.664"
"ZAMBIA","2007","1","5.6","8.4","45.8","14.9","2340.873"
"ZAMBIA","2013","1","6.2","6.2","40","14.9","2645.67"
"ZAMBIA","2018","1","4.2","5.2","34.6","11.8","2868.914"
"ZIMBABWE","1987","1","","","","10.5","1656.354"
"ZIMBABWE","1988","1","1.7","5.4","31","8","1699.763"
"ZIMBABWE","1994","1","5.3","6.4","28.5","11.8","1737.402"
"ZIMBABWE","1999","1","8.3","10.5","33.8","11.5","1690.994"
"ZIMBABWE","2005","1","7.2","8.8","35.3","14","1771.441"
"ZIMBABWE","2009","1","2.4","3.5","35.1","11.7","1938.279"
"ZIMBABWE","2010","1","3.2","5.8","32.2","10.2","1997.281"
"ZIMBABWE","2014","1","3.2","3.6","27.6","11.2","2236.1820000000002"
"ZIMBABWE","2015","1","3.3","5.6","27.1","8.5","2258.788"
"ZIMBABWE","2019","1","2.9","2.5","23.5","9.7","2138.02"
